n,title,image_path,ai_label,review_label,review_note
1,Valkyrie Profile: Covenant of the Plume - Nintendo DS,research/caption_augmentation/results/qwen3vl_pilot/images/001.jpg,ADDS,ADDS,"Visual comparison of the source image, title, and structured caption supports this overall label."
2,"Mayflash GameCube Controller Adapter for Wii U, PC USB and Switch, 4 Port",research/caption_augmentation/results/qwen3vl_pilot/images/002.jpg,ADDS,ADDS,"Visual comparison of the source image, title, and structured caption supports this overall label."
3,Dance Dance Revolution WII,research/caption_augmentation/results/qwen3vl_pilot/images/003.jpg,ADDS,ADDS,"Visual comparison of the source image, title, and structured caption supports this overall label."
4,Grand Theft Auto Double Pack: Grand Theft Auto III / Grand Theft Auto: Vice City,research/caption_augmentation/results/qwen3vl_pilot/images/004.jpg,SUSPECT,SUSPECT,"The image depicts the titled GTA III / Vice City Xbox double pack, but the model returned MISMATCH."
5,Crackdown - Xbox 360,research/caption_augmentation/results/qwen3vl_pilot/images/005.jpg,SUSPECT,SUSPECT,"The image depicts the titled Crackdown Xbox 360 cover, but the model returned MISMATCH."
6,Microsoft Xbox 360 Wireless Controller for Windows,research/caption_augmentation/results/qwen3vl_pilot/images/006.jpg,ADDS,ADDS,"Visual comparison of the source image, title, and structured caption supports this overall label."
7,"Armor3 ""ReadyVolt"" USB AC Adapter for Turbografx-16 Mini and PC Engine Mini - Not Machine Specific",research/caption_augmentation/results/qwen3vl_pilot/images/007.jpg,ADDS,ADDS,"Visual comparison of the source image, title, and structured caption supports this overall label."
8,Necronomicon - PC,research/caption_augmentation/results/qwen3vl_pilot/images/008.jpg,ADDS,ADDS,"Visual comparison of the source image, title, and structured caption supports this overall label."
9,Amazon Basics 3-Pack Stylus for Nintendo 3DS (Officially Licensed by Nintendo),research/caption_augmentation/results/qwen3vl_pilot/images/009.jpg,ADDS,ADDS,"Visual comparison of the source image, title, and structured caption supports this overall label."
10,Final Fantasy XI: Seekers of Adoulin [Download],research/caption_augmentation/results/qwen3vl_pilot/images/010.jpg,SUSPECT,SUSPECT,"The image is the Seekers of Adoulin logo for the titled Final Fantasy XI download, but the model returned MISMATCH."
11,SAS Secure Tomorrow - PC,research/caption_augmentation/results/qwen3vl_pilot/images/011.jpg,ADDS,ADDS,"Visual comparison of the source image, title, and structured caption supports this overall label."
12,eForCity 3 Pack of Plastic Stylus (Stylo Styli Styrograph) for Nintendo DS (handheld video game system),research/caption_augmentation/results/qwen3vl_pilot/images/012.jpg,ADDS,ADDS,"Visual comparison of the source image, title, and structured caption supports this overall label."
13,Sid Meier's Alpha Centauri - PC,research/caption_augmentation/results/qwen3vl_pilot/images/013.jpg,ADDS,ADDS,"Visual comparison of the source image, title, and structured caption supports this overall label."
14,SpongeBob SquarePants: The Battle for Bikini Bottom,research/caption_augmentation/results/qwen3vl_pilot/images/014.jpg,ADDS,ADDS,"Visual comparison of the source image, title, and structured caption supports this overall label."
15,"Suncala 128MB Memory Card for Playstation 2, High Speed Memory Card for Sony PS2",research/caption_augmentation/results/qwen3vl_pilot/images/015.jpg,ADDS,ADDS,"Visual comparison of the source image, title, and structured caption supports this overall label."
16,Rome: Total War - PC,research/caption_augmentation/results/qwen3vl_pilot/images/016.jpg,ADDS,ADDS,"Visual comparison of the source image, title, and structured caption supports this overall label."
17,Deception IV: Blood Ties - PlayStation Vita,research/caption_augmentation/results/qwen3vl_pilot/images/017.jpg,ADDS,ADDS,"Visual comparison of the source image, title, and structured caption supports this overall label."
18,Hyperkin HD Cable for Wii,research/caption_augmentation/results/qwen3vl_pilot/images/018.jpg,ADDS,ADDS,"Visual comparison of the source image, title, and structured caption supports this overall label."
19,Shadow Man,research/caption_augmentation/results/qwen3vl_pilot/images/019.jpg,SUSPECT,SUSPECT,The image is a pink humidifier unrelated to Shadow Man; the caption describes the unrelated image instead of flagging the mismatch.
20,Sony Playstation: Playstation Console Shaped Messenger Bag,research/caption_augmentation/results/qwen3vl_pilot/images/020.jpg,ADDS,ADDS,"Visual comparison of the source image, title, and structured caption supports this overall label."
21,PlayStation 4 Killzone Launch Day Bundle,research/caption_augmentation/results/qwen3vl_pilot/images/021.jpg,ADDS,ADDS,"Visual comparison of the source image, title, and structured caption supports this overall label."
22,Microsoft Xbox 360 Game System HDMI Console 60GB,research/caption_augmentation/results/qwen3vl_pilot/images/022.jpg,ADDS,ADDS,"The white Xbox 360 console and separate controller are visible; the phrase integrated controller is inaccurate, but the remaining visual details add signal."
23,Fullmetal Alchemist 2: Curse of the Crimson Elixir - PlayStation 2,research/caption_augmentation/results/qwen3vl_pilot/images/023.jpg,ADDS,ADDS,"Visual comparison of the source image, title, and structured caption supports this overall label."
24,Nintendo 2DS-White/Pink with Bonus Disney Magical World Carrying Case (Used),research/caption_augmentation/results/qwen3vl_pilot/images/024.jpg,REDUNDANT,REDUNDANT,"Visual comparison of the source image, title, and structured caption supports this overall label."
25,WWF Smackdown!,research/caption_augmentation/results/qwen3vl_pilot/images/025.jpg,ADDS,ADDS,"Visual comparison of the source image, title, and structured caption supports this overall label."
26,Chu Chu Rocket,research/caption_augmentation/results/qwen3vl_pilot/images/026.jpg,ADDS,ADDS,"Visual comparison of the source image, title, and structured caption supports this overall label."
27,Shadowbane - PC/Mac,research/caption_augmentation/results/qwen3vl_pilot/images/027.jpg,ADDS,ADDS,"Visual comparison of the source image, title, and structured caption supports this overall label."
28,Rayman 3: Hoodlum Havoc,research/caption_augmentation/results/qwen3vl_pilot/images/028.jpg,ADDS,ADDS,"Visual comparison of the source image, title, and structured caption supports this overall label."
29,Microsoft CWT-00001 Xbox Controller + Wireless Adapter for Windows,research/caption_augmentation/results/qwen3vl_pilot/images/029.jpg,ADDS,ADDS,"Visual comparison of the source image, title, and structured caption supports this overall label."
30,Mega Man Legends - PlayStation,research/caption_augmentation/results/qwen3vl_pilot/images/030.jpg,ADDS,ADDS,"Visual comparison of the source image, title, and structured caption supports this overall label."
31,Ologymart Two 2 Controllers Bundle Compatible with Super Nintendo SNES Bulk Packaging Pack Of 2,research/caption_augmentation/results/qwen3vl_pilot/images/031.jpg,ADDS,ADDS,"Visual comparison of the source image, title, and structured caption supports this overall label."
32,Metal Gear Solid,research/caption_augmentation/results/qwen3vl_pilot/images/032.jpg,ADDS,ADDS,"Visual comparison of the source image, title, and structured caption supports this overall label."
33,Animal Crossing: City Folk (Nintendo Selects),research/caption_augmentation/results/qwen3vl_pilot/images/033.jpg,ADDS,ADDS,"Visual comparison of the source image, title, and structured caption supports this overall label."
34,Shadow Hearts - PlayStation 2,research/caption_augmentation/results/qwen3vl_pilot/images/034.jpg,ADDS,ADDS,"Visual comparison of the source image, title, and structured caption supports this overall label."
35,Deadly Premonition - Xbox 360,research/caption_augmentation/results/qwen3vl_pilot/images/035.jpg,ADDS,ADDS,"Visual comparison of the source image, title, and structured caption supports this overall label."
36,Tom Clancy's Rainbow Six,research/caption_augmentation/results/qwen3vl_pilot/images/036.jpg,ADDS,ADDS,The cover depiction matches; condition new is not independently verifiable from this image.
37,E.T. the Extra-Terrestrial,research/caption_augmentation/results/qwen3vl_pilot/images/037.jpg,ADDS,ADDS,"Visual comparison of the source image, title, and structured caption supports this overall label."
38,Dungeons & Dragons Tactics - Sony PSP,research/caption_augmentation/results/qwen3vl_pilot/images/038.jpg,ADDS,ADDS,"Visual comparison of the source image, title, and structured caption supports this overall label."
39,The Simpsons: Bart vs. the World,research/caption_augmentation/results/qwen3vl_pilot/images/039.jpg,ADDS,ADDS,"Visual comparison of the source image, title, and structured caption supports this overall label."
40,Conflict: Desert Storm 2 Back to Baghdad - Xbox,research/caption_augmentation/results/qwen3vl_pilot/images/040.jpg,ADDS,ADDS,"Visual comparison of the source image, title, and structured caption supports this overall label."
41,Divinity: Original Sin - Multiple (Windows and Mac): select platform(s) Standard Edition,research/caption_augmentation/results/qwen3vl_pilot/images/041.jpg,ADDS,ADDS,"Visual comparison of the source image, title, and structured caption supports this overall label."
42,Max Payne 3,research/caption_augmentation/results/qwen3vl_pilot/images/042.jpg,ADDS,SUSPECT,"The photo shows an open Max Payne 3 case and disc; the caption claim unopened is contradictory, so classify the row as SUSPECT."
43,Paper Mario: The Thousand-Year Door,research/caption_augmentation/results/qwen3vl_pilot/images/043.jpg,ADDS,ADDS,"The cover art details are useful and match, but GameCube cartridge is incorrect for the visible disc case; retained ADDS for overall visual value."
44,Twisted Lands: Insomniac - Collector's Edition Bonus Pack,research/caption_augmentation/results/qwen3vl_pilot/images/044.jpg,ADDS,ADDS,"Visual comparison of the source image, title, and structured caption supports this overall label."
45,SVC Chaos - SNK vs Capcom,research/caption_augmentation/results/qwen3vl_pilot/images/045.jpg,ADDS,ADDS,"Visual comparison of the source image, title, and structured caption supports this overall label."
46,O-Games 209635 Jewel Time Deluxe -Nintendo DS,research/caption_augmentation/results/qwen3vl_pilot/images/046.jpg,ADDS,ADDS,"Visual comparison of the source image, title, and structured caption supports this overall label."
47,Pitfall: The Lost Expedition - PlayStation 2,research/caption_augmentation/results/qwen3vl_pilot/images/047.jpg,ADDS,ADDS,"Visual comparison of the source image, title, and structured caption supports this overall label."
48,Castlevania: Legacy of Darkness,research/caption_augmentation/results/qwen3vl_pilot/images/048.jpg,ADDS,ADDS,"Visual comparison of the source image, title, and structured caption supports this overall label."
49,I Spy Universe - Nintendo DS,research/caption_augmentation/results/qwen3vl_pilot/images/049.jpg,ADDS,ADDS,"Visual comparison of the source image, title, and structured caption supports this overall label."
50,Rollercoaster Tycoon 3 - PC,research/caption_augmentation/results/qwen3vl_pilot/images/050.jpg,ADDS,ADDS,"Visual comparison of the source image, title, and structured caption supports this overall label."
51,Spectrum Noir 96-pen SET Brights Lights Pastels Darks Next Generation Alcohol Ink Markers Pens Refillable,research/caption_augmentation/results/qwen3vl_pilot/images/051.jpg,SUSPECT,SUSPECT,"The image shows the titled Spectrum Noir marker-set packaging, but the model returned MISMATCH."
52,"DMC U1541 Embroidery Tracing Paper, Yellow/Blue, 2-Pack",research/caption_augmentation/results/qwen3vl_pilot/images/052.jpg,OCR,OCR,"Visual comparison of the source image, title, and structured caption supports this overall label."
53,Turquoise Gem Round Beads 4mm / 16 Inch Strand,research/caption_augmentation/results/qwen3vl_pilot/images/053.jpg,REDUNDANT,REDUNDANT,"Visual comparison of the source image, title, and structured caption supports this overall label."
54,"The Crafters Workshop TCW-252 Template, 12 by 12-Inch, Aspen Trees",research/caption_augmentation/results/qwen3vl_pilot/images/054.jpg,ADDS,ADDS,"Visual comparison of the source image, title, and structured caption supports this overall label."
55,"Jaybird Night Sky Quilt, Multi Colored",research/caption_augmentation/results/qwen3vl_pilot/images/055.jpg,ADDS,ADDS,"Visual comparison of the source image, title, and structured caption supports this overall label."
56,ArtResin - Epoxy Resin - Clear - Non-Toxic - 1 gal (0.5 gal Resin + 0.5 gal Hardener) (3.78L),research/caption_augmentation/results/qwen3vl_pilot/images/056.jpg,ADDS,ADDS,"Visual comparison of the source image, title, and structured caption supports this overall label."
57,"American Crafts 340272 Sticky Thumb Foam DT ASST, White Dots, Assorted Sizes",research/caption_augmentation/results/qwen3vl_pilot/images/057.jpg,OCR,OCR,"Visual comparison of the source image, title, and structured caption supports this overall label."
58,"Sizzix, Multi Color, Embossing Folder , Snowfall Speckles by Tim Holtz, One Size",research/caption_augmentation/results/qwen3vl_pilot/images/058.jpg,ADDS,ADDS,"Visual comparison of the source image, title, and structured caption supports this overall label."
59,Aurifil Thread Set Classic Collection 50wt Cotton 12 Large (1422 yard) Spools,research/caption_augmentation/results/qwen3vl_pilot/images/059.jpg,ADDS,ADDS,"Visual comparison of the source image, title, and structured caption supports this overall label."
60,Mandala Dotting Tools for Painting Rocks Mandala Painting Dotting Stencil Dot Mandala Kit 33PCS,research/caption_augmentation/results/qwen3vl_pilot/images/060.jpg,ADDS,ADDS,"Visual comparison of the source image, title, and structured caption supports this overall label."
61,Fotodiox Pro Lens Mount Adapter Compatible with Pentax 6x7 Lenses to Pentax K-Mount Cameras,research/caption_augmentation/results/qwen3vl_pilot/images/061.jpg,ADDS,ADDS,"Visual comparison of the source image, title, and structured caption supports this overall label."
62,Monoprice VGA to RCA Adapter PC to TV Video Converter- Blue,research/caption_augmentation/results/qwen3vl_pilot/images/062.jpg,REDUNDANT,REDUNDANT,"Visual comparison of the source image, title, and structured caption supports this overall label."
63,Audio-Technica ATH-M40x Renewed,research/caption_augmentation/results/qwen3vl_pilot/images/063.jpg,ADDS,ADDS,"Visual comparison of the source image, title, and structured caption supports this overall label."
64,"MasiBloom Silicone Case for AirTag 2021 Holder Accessories with Keychain Ring Protective Skin Cover (Turquoise Blue, for AirTag)",research/caption_augmentation/results/qwen3vl_pilot/images/064.jpg,REDUNDANT,REDUNDANT,"Visual comparison of the source image, title, and structured caption supports this overall label."
65,Importer520 New Gold Plated Hdmi Female to Dvi-d Male Video Adaptor,research/caption_augmentation/results/qwen3vl_pilot/images/065.jpg,MISMATCH_OK,MISMATCH_OK,The image shows white earbuds rather than the titled HDMI-DVI adapter; the model correctly returned MISMATCH.
66,"Planar Helium PCT2235 Touch Screen 22"" LED LCD Full HD Resolution Monitor with Helium Stand,black",research/caption_augmentation/results/qwen3vl_pilot/images/066.jpg,GENERIC,GENERIC,"Visual comparison of the source image, title, and structured caption supports this overall label."
67,"Samsung UE510 LED Display Monitor, Black, 28"" 4K (Renewed)",research/caption_augmentation/results/qwen3vl_pilot/images/067.jpg,ADDS,ADDS,"Visual comparison of the source image, title, and structured caption supports this overall label."
68,Transcend USB 3.1/3.0 Super Speed Type-C Multi-Card Reader for SDHC/SDXC/MS/CF (TS-RDC8K),research/caption_augmentation/results/qwen3vl_pilot/images/068.jpg,ADDS,ADDS,"Visual comparison of the source image, title, and structured caption supports this overall label."
69,"Lenovo Speaker M0520, Black ( 888010120 )",research/caption_augmentation/results/qwen3vl_pilot/images/069.jpg,ADDS,ADDS,"Visual comparison of the source image, title, and structured caption supports this overall label."
70,"LG 43UN700T-B 43"" 4K UHD 3840x2160 IPS USB-C HDR 10 Monitor",research/caption_augmentation/results/qwen3vl_pilot/images/070.jpg,GENERIC,GENERIC,"Visual comparison of the source image, title, and structured caption supports this overall label."
71,"FoodWorks Silicone Ice Pop Maker Molds/Popsicle Molds, Set of 6",research/caption_augmentation/results/qwen3vl_pilot/images/071.jpg,ADDS,ADDS,"Visual comparison of the source image, title, and structured caption supports this overall label."
72,Tattler Reusable Wide Mouth Canning Lids & Rubber Rings-12/pkg,research/caption_augmentation/results/qwen3vl_pilot/images/072.jpg,ADDS,ADDS,"Visual comparison of the source image, title, and structured caption supports this overall label."
73,Glass Soap Pump Dispenser Floral and Butterfly 17 Ounce by A Ting,research/caption_augmentation/results/qwen3vl_pilot/images/073.jpg,ADDS,ADDS,"Visual comparison of the source image, title, and structured caption supports this overall label."
74,Extreme Freeze Reditainer 64 oz. Freezeable Deli Food Containers w/ Lids - Package of 8 - Food Storage,research/caption_augmentation/results/qwen3vl_pilot/images/074.jpg,REDUNDANT,REDUNDANT,"Visual comparison of the source image, title, and structured caption supports this overall label."
75,"Totally Bamboo Barkeeper's Salt Box, Margarita Salt Rimmer for Cocktail Drinks, Home Bar Accessory with Magnetic Swivel Lid",research/caption_augmentation/results/qwen3vl_pilot/images/075.jpg,ADDS,ADDS,"Visual comparison of the source image, title, and structured caption supports this overall label."
76,"Hamilton Beach Air Circulator, 16-Inch, Two Tone Gray",research/caption_augmentation/results/qwen3vl_pilot/images/076.jpg,REDUNDANT,REDUNDANT,"Visual comparison of the source image, title, and structured caption supports this overall label."
77,"KUHEE Air Mattress with Built in Pump, Queen air Mattress, Easy Inflation/Deflation,Comfortable Top Surface-Blow Up Airbed,Overheating Protection,80x60x18in,600lb MAX,Grey",research/caption_augmentation/results/qwen3vl_pilot/images/077.jpg,ADDS,ADDS,"Visual comparison of the source image, title, and structured caption supports this overall label."
78,Black Finish Wooden Cheval Bedroom Free Standing Floor Mirror,research/caption_augmentation/results/qwen3vl_pilot/images/078.jpg,REDUNDANT,REDUNDANT,"Visual comparison of the source image, title, and structured caption supports this overall label."
79,"KINGWILLOW Woven Rectangular Wicker Storage Basket,Small Organizer Box",research/caption_augmentation/results/qwen3vl_pilot/images/079.jpg,ADDS,ADDS,"Visual comparison of the source image, title, and structured caption supports this overall label."
80,Red Co. Glass Salt and Pepper Shaker Set in 5” Metal Carrying Toolbox Caddy with Wooden Handle,research/caption_augmentation/results/qwen3vl_pilot/images/080.jpg,ADDS,ADDS,"Visual comparison of the source image, title, and structured caption supports this overall label."
81,Motherless Brooklyn (Blu-ray + Digital),research/caption_augmentation/results/qwen3vl_pilot/images/081.jpg,ADDS,ADDS,"Visual comparison of the source image, title, and structured caption supports this overall label."
82,Oliver!,research/caption_augmentation/results/qwen3vl_pilot/images/082.jpg,SUSPECT,SUSPECT,"The image is the Oliver! DVD cover for the titled item, but the model returned MISMATCH."
83,Patton / The Longest Day / The Sand Pebbles / Tora! Tora! Tora! [Blu-ray],research/caption_augmentation/results/qwen3vl_pilot/images/083.jpg,SUSPECT,SUSPECT,"The image shows the titled four-film Blu-ray set, but the model returned MISMATCH."
84,Deepwater Horizon [DVD],research/caption_augmentation/results/qwen3vl_pilot/images/084.jpg,ADDS,ADDS,"Visual comparison of the source image, title, and structured caption supports this overall label."
85,"What's Up, Doc? (DVD) (Rpkg)",research/caption_augmentation/results/qwen3vl_pilot/images/085.jpg,SUSPECT,SUSPECT,"The image is the titled What’s Up, Doc? DVD cover, but the model returned MISMATCH."
86,The Hunt for Red October,research/caption_augmentation/results/qwen3vl_pilot/images/086.jpg,ADDS,ADDS,"Visual comparison of the source image, title, and structured caption supports this overall label."
87,Batman: Assault on Arkham (DVD),research/caption_augmentation/results/qwen3vl_pilot/images/087.jpg,ADDS,ADDS,"Visual comparison of the source image, title, and structured caption supports this overall label."
88,I Am Wrath Digital,research/caption_augmentation/results/qwen3vl_pilot/images/088.jpg,SUSPECT,SUSPECT,"The image is the titled I Am Wrath cover, but the model returned MISMATCH."
89,Justice League (BD),research/caption_augmentation/results/qwen3vl_pilot/images/089.jpg,ADDS,ADDS,"Visual comparison of the source image, title, and structured caption supports this overall label."
90,The Intern,research/caption_augmentation/results/qwen3vl_pilot/images/090.jpg,ADDS,ADDS,"Visual comparison of the source image, title, and structured caption supports this overall label."
91,"Drill America - GLBCOX67/64 7/64"" x 6"" Cobalt Aircraft Extension Drill Bit, GLBCO Series",research/caption_augmentation/results/qwen3vl_pilot/images/091.jpg,ADDS,ADDS,"Visual comparison of the source image, title, and structured caption supports this overall label."
92,New Stens Air Filter 055-025 for Kohler 47 083 03-S1,research/caption_augmentation/results/qwen3vl_pilot/images/092.jpg,ADDS,ADDS,"Visual comparison of the source image, title, and structured caption supports this overall label."
93,"Ansen Tools AN-269 6-Inch Soft Buffing and Polishing Wheel, 2-Piece",research/caption_augmentation/results/qwen3vl_pilot/images/093.jpg,ADDS,ADDS,"Visual comparison of the source image, title, and structured caption supports this overall label."
94,F Connector Installation & Removal Tool,research/caption_augmentation/results/qwen3vl_pilot/images/094.jpg,ADDS,ADDS,"Visual comparison of the source image, title, and structured caption supports this overall label."
95,"Goldblatt Folding Drywall Saw, Jab Saw, Hand Saw with Soft Grip Handle, Sheetrock Saw for Wallboard, Drywall, Plywood and PVC",research/caption_augmentation/results/qwen3vl_pilot/images/095.jpg,ADDS,ADDS,"Visual comparison of the source image, title, and structured caption supports this overall label."
96,"35-Pack Eye Protective Safety Cover Office Pack,Includes 25 Disposable Eye Shield Lenses per Pack and 10 Frames(Multicolor),Suitable for Meeting,Communication,Anti-Dropping",research/caption_augmentation/results/qwen3vl_pilot/images/096.jpg,REDUNDANT,REDUNDANT,"Visual comparison of the source image, title, and structured caption supports this overall label."
97,Klein Tools 69445 Magnetic Hanger Without Strap for Klein Tools Clamp Meters and Multimeters with Powerful Rare Earth Magnets,research/caption_augmentation/results/qwen3vl_pilot/images/097.jpg,ADDS,ADDS,"Visual comparison of the source image, title, and structured caption supports this overall label."
98,Kreg KMA4100 Crosscut Station,research/caption_augmentation/results/qwen3vl_pilot/images/098.jpg,ADDS,ADDS,"Visual comparison of the source image, title, and structured caption supports this overall label."
99,"5/8"" Stainless Steel Wire Brush for Power Drill Impact Driver - Hex Shank By Protool",research/caption_augmentation/results/qwen3vl_pilot/images/099.jpg,REDUNDANT,REDUNDANT,"Visual comparison of the source image, title, and structured caption supports this overall label."
100,COOMYXIN Power Inverter Compatible with makita 18v Battery Turn DC 20V to AC 110V/150W Power Station,research/caption_augmentation/results/qwen3vl_pilot/images/100.jpg,ADDS,ADDS,"Visual comparison of the source image, title, and structured caption supports this overall label."
