n,domain,title,florence_caption,florence_label,generic,structured,label_structured,title_only,vision_vs_knowledge
1,Video_Games,Valkyrie Profile: Covenant of the Plume - Nintendo DS,valkyrie profile covenant of the plume,OCR,"This is the cover art for the Nintendo DS game ""Valkyrie Profile: Covenant of the Plume"" by Square Enix, featuring a winged female warrior and a male swordsman in a dramatic, fiery battle scene.","color: red, white, blue, black; art style: fantasy illustration; characters or scene shown: angelic warrior and human swordsman in combat; mood/theme: epic battle; target audience cues: teen-rated.",ADDS,"color: vibrant fantasy hues; shape/form factor: handheld DS game case; art style: stylized anime/manga; characters or scene shown: Valkyrie with plume; mood/theme: epic, mythical; target audience cues: teens, fantasy gamers.",0.069
2,Video_Games,"Mayflash GameCube Controller Adapter for Wii U, PC USB and Switch, 4 Port",A black controller adapter with a usb cable connected to it.,ADDS,"This image displays a black MAYFLASH GC Controller Adapter with four controller ports and two USB cables, designed to connect GameCube controllers to a computer.","color: black
shape/form factor: rectangular
included items: two USB cables
material: plastic
mood/theme: minimalist, technical",ADDS,"color: black; material: plastic; shape/form factor: rectangular adapter with 4 USB ports; included items: none; target audience cues: gamers; mood/theme: functional, tech-oriented.",0.267
3,Video_Games,Dance Dance Revolution WII,dance dance revolution wii,OCR,"This is the cover art for the Nintendo Wii game ""Dance Dance Revolution"" by Konami, featuring energetic dancers using the Wii remote and Nunchuk controllers against a vibrant blue background.","color: blue-dominated background with white and light accents.  
art style: dynamic, energetic, stylized human figures.  
mood/theme: lively, dance-focused, interactive fun.  
characters or scene shown: multiple dancers in motion, holding controllers.",ADDS,"color: vibrant, material: plastic, shape/form factor: console with controllers, included items: controllers, art style: arcade-inspired, characters: dancers, mood/theme: energetic dance, target audience cues: teens, gamers.",0.143
4,Video_Games,Grand Theft Auto Double Pack: Grand Theft Auto III / Grand Theft Auto: Vice City,grand theft auto rockstar games double pack,OCR,"This is the cover art for the Xbox ""Grand Theft Auto"" double pack, featuring ""Grand Theft Auto III"" and ""Grand Theft Auto: The Lost and Damned"" from Rockstar Games.",MISMATCH,SUSPECT,"color: vibrant, material: plastic, shape/form factor: standard game case, art style: cartoonish urban, characters or scene shown: cityscapes, mood/theme: action, target audience cues: teens/adults, condition: new.",0.0
5,Video_Games,Crackdown - Xbox 360,crackdown xbox 360 game,OCR,"This is the cover art for the Xbox 360 game ""Crackdown,"" featuring a central, muscular police officer in a futuristic suit leaping through a stylized cityscape, surrounded by other characters and marked as ""Only on Xbox 360"" with an ESRB M rating.",MISMATCH,SUSPECT,"color: dark tones, material: plastic casing, shape/form factor: console with controller ports, art style: gritty action, mood/theme: intense, target audience cues: gamers, characters or scene shown: urban combat, included items: controller, manual.",0.0
6,Video_Games,Microsoft Xbox 360 Wireless Controller for Windows,a white xbox 360 controller,ADDS,"This is a white Xbox 360 controller featuring a distinctive lime green Xbox button and the classic colored A, B, X, and Y buttons.","color: white; shape/form factor: ergonomic handheld controller; material: plastic; mood/theme: clean, modern; target audience cues: gamers.",ADDS,"color: black and silver, material: plastic and rubber, shape/form factor: ergonomic handheld, included items: wireless receiver, art style: minimalist gaming, target audience cues: gamers, mood/theme: modern, condition: new.",0.312
7,Video_Games,"Armor3 ""ReadyVolt"" USB AC Adapter for Turbografx-16 Mini and PC Engine Mini - Not Machine Specific",A black box with a black charger inside of it.,ADDS,"A black USB AC adapter for TurboGrafx-16 Mini and PC Engine Mini, shown next to its green and black packaging.","color: black. shape/form factor: compact rectangular. included items: adapter and packaging. material: plastic. mood/theme: minimalist, functional.",ADDS,"color: black/silver, material: plastic/metal, shape/form factor: rectangular adapter, included items: USB cable, mood/theme: tech/utility, target audience cues: retro gaming enthusiasts.",0.235
8,Video_Games,Necronomicon - PC,necronomicon in the darkness of horror,OCR,"This is the box art for the horror game ""Necronomicon: The Edition of Horror,"" featuring a dark, eerie mansion under a red sky with glowing eyes in the background, and the title ""Zmazoozooz"" vertically displayed on the spine.","color: dark red, black, gray; art style: horror, gothic; mood/theme: eerie, supernatural; characters or scene shown: haunted house, shadowy face; shape/form factor: boxed product.",ADDS,"color: black/gray, material: matte plastic, shape/form factor: standard PC case, art style: dark fantasy, mood/theme: horror, target audience cues: fans of occult horror, condition: new",0.182
9,Video_Games,Amazon Basics 3-Pack Stylus for Nintendo 3DS (Officially Licensed by Nintendo),A set of three pens sitting next to each other on a white surface.,REDUNDANT,"Three identical metallic pens with white tips and colored caps (blue, black, and red) are displayed against a white background, each labeled ""ZN01110830"".","color: blue, black, red caps; material: metallic body, plastic caps; shape/form factor: slender, pointed tips; included items: three styluses; condition: new, unused.",ADDS,color: black and silver; material: plastic; shape/form factor: slim stylus with rounded tip; included items: 3-pack; target audience cues: Nintendo 3DS users.,0.083
10,Video_Games,Final Fantasy XI: Seekers of Adoulin [Download],final fantasy xii seekers of adoulin,OCR,"This image displays the logo for the online game ""Final Fantasy XI"" with the subtitle ""Seekers of Adoulin"" beneath it.",MISMATCH,SUSPECT,"art style: fantasy RPG; mood/theme: adventurous, mystical; characters or scene shown: adventurers in fantasy world; target audience cues: gamers, fans of FFXI; shape/form factor: digital download.",0.0
11,Video_Games,SAS Secure Tomorrow - PC,sas secure tomorrow pc full espaol,OCR,"This is the cover art for the PC game ""SAS: Secure Tomorrow,"" featuring a soldier in a gas mask and tactical gear holding a rifle, set against a dark, urban backdrop.","mood/theme: intense, tactical; art style: realistic, gritty; characters or scene shown: soldier in gas mask holding rifle; target audience cues: mature 17+; color: dark blues, greys, metallic tones.",ADDS,"color: black/gray, shape/form factor: desktop PC, mood/theme: secure, target audience cues: professionals, included items: power cable, manual, art style: minimalist corporate.",0.0
12,Video_Games,eForCity 3 Pack of Plastic Stylus (Stylo Styli Styrograph) for Nintendo DS (handheld video game system),A set of three gray plastic pens on a white background.,ADDS,Three gray stylus pens are arranged diagonally on a plain white background.,"color: gray
material: plastic
shape/form factor: elongated, pointed tips with clip-like ends
included items: three identical styluses
condition: new, unused",ADDS,"color: black or gray, material: plastic, shape/form factor: slender stylus with rounded tip, included items: 3 styluses, target audience cues: Nintendo DS gamers, mood/theme: functional, utilitarian.",0.125
13,Video_Games,Sid Meier's Alpha Centauri - PC,The cover of Sid Meier's Alpha Centauri: The Future of Mankind.,OCR,"This is the cover art for Sid Meier's Alpha Centauri, a space strategy game from the creators of Civilization III, depicting a vibrant alien planet with a bright sun rising over a colorful landscape, set against a starry sky with silhouettes of faces in the background.","art style: sci-fi space; scene shown: planet with sunrise, silhouetted faces; mood/theme: futuristic, cosmic; target audience cues: E rating, strategy game genre.",ADDS,art style: sci-fi space strategy; mood/theme: futuristic space exploration; target audience cues: strategy gamers; shape/form factor: PC game box; color: dark blue/gray with metallic accents.,0.261
14,Video_Games,SpongeBob SquarePants: The Battle for Bikini Bottom,spongebob squarepants battle for bikini bottom,OCR,"This is the cover art for the PlayStation 2 game ""SpongeBob SquarePants: Battle for Bikini Bottom,"" featuring the titular character in a military helmet and uniform, saluting with a determined expression.","color: vibrant yellow, green, blue; art style: cartoonish, 2D; characters shown: SpongeBob in military gear; mood/theme: playful, action-oriented; target audience cues: E rating, child-friendly design.",ADDS,"color: vibrant, material: plastic, shape/form factor: DVD/Blu-ray case, art style: cartoon, characters: SpongeBob, Patrick, Squidward, mood/theme: adventurous, target audience cues: kids, condition: new",0.071
15,Video_Games,"Suncala 128MB Memory Card for Playstation 2, High Speed Memory Card for Sony PS2",suncala 128mb memory card for ps2,OCR,"This image shows a Suncala brand 128MB memory card for the PlayStation 2, packaged in a clear plastic blister pack with red and white branding that highlights its ""real full storage in single card"" feature.","color: black card, red/white packaging. shape/form factor: rectangular, plastic casing. condition: new, sealed in blister pack. target audience cues: gaming enthusiasts.",ADDS,"color: black or gray, shape/form factor: rectangular card with rounded edges, material: plastic, target audience cues: gamers, mood/theme: tech/utility.",0.2
16,Video_Games,Rome: Total War - PC,rome total war,OCR,"This is the box art for the PC game ""Rome: Total War"" by Activision, featuring a Roman general in battle gear against a fiery backdrop with armies in the distance.","color: red, gold, and dark tones; shape/form factor: standard game box; art style: dramatic, historical warfare; characters or scene shown: Roman soldier in battle; mood/theme: epic, intense conflict.",ADDS,"color: dark, earthy tones; art style: historical war realism; mood/theme: epic military strategy; target audience cues: strategy gamers; shape/form factor: PC game disc or digital download.",0.192
17,Video_Games,Deception IV: Blood Ties - PlayStation Vita,deception iv blood ties,OCR,"This is the cover art for the PlayStation Vita game ""Deception IV: Blood Ties,"" featuring a silver-haired female character in a dark outfit standing on a mechanical structure against a gothic, blue-toned background with tombstones and a skull, and it's rated M for Mature 17+.","art style: anime; characters or scene shown: female character with silver hair, skeletal tombstones, mechanical elements; mood/theme: dark, gothic, mysterious; target audience cues: mature 17+",ADDS,"color: dark tones, red accents; shape/form factor: handheld console; art style: gritty, action-adventure; mood/theme: suspenseful, violent; target audience cues: adult gamers.",0.038
18,Video_Games,Hyperkin HD Cable for Wii,A usb cable connected to a micro USB adapter.,SUSPECT,"This image shows a black Hyperkin HDMI-to-component video converter cable, featuring an HDMI connector on one end and a component video connector on the other, with a small green LED indicator on the converter box.","color: black
shape/form factor: rectangular adapter with two cables
included items: HDMI connector, older-style video connector
material: plastic casing, rubberized cable sheathing",ADDS,"color: black/gray, material: plastic, shape/form factor: cable with connectors, included items: power and AV cables, target audience cues: gamers, mood/theme: functional, condition: new",0.19
19,Video_Games,Shadow Man,A pink humidifier with a white background.,SUSPECT,A pink humidifier with a clear water tank marked up to 2.0L is actively emitting a mist against a plain white background.,"color: pink and transparent
shape/form factor: cylindrical with rounded base
mood/theme: gentle, minimalist
target audience cues: children or young adults",SUSPECT,color: dark silhouette; shape/form factor: humanoid figure; art style: minimalist shadow; mood/theme: mysterious; target audience cues: horror/fantasy fans.,0.053
20,Video_Games,Sony Playstation: Playstation Console Shaped Messenger Bag,a white bag with a playstation logo on it,ADDS,"This is a sleek, silver-gray laptop bag designed to resemble a classic PlayStation console, complete with a circular front panel featuring the PlayStation logo and stylized controller buttons.","color: silver; material: synthetic leather; shape/form factor: rectangular with circular front panel; included items: adjustable shoulder strap; mood/theme: retro gaming; target audience cues: gamers, collectors.",ADDS,"color: black or gray, material: fabric, shape/form factor: console-shaped bag, mood/theme: gaming, target audience cues: gamers, condition: new",0.095
21,Video_Games,PlayStation 4 Killzone Launch Day Bundle,a black playstation 4 console with a game controller next to it,REDUNDANT,"This image displays a black Sony PlayStation 4 console with its controller, alongside a ""Killzone: Shadow Fall"" game case and a PlayStation Plus membership card.","color: black  
shape/form factor: rectangular console, ergonomic controller  
included items: console, controller, game, digital card  
mood/theme: gaming, action-adventure  
target audience cues: gamers, console enthusiasts",ADDS,"color: black/silver, shape/form factor: console + controllers, included items: PS4, controllers, Killzone game, art style: sci-fi, mood/theme: action, target audience cues: gamers, condition: new",0.25
22,Video_Games,Microsoft Xbox 360 Game System HDMI Console 60GB,a white xbox 360 with a controller next to it,ADDS,"This image displays a white Microsoft Xbox 360 console with its matching white controller, set against a plain white background.","color: white; shape/form factor: vertical console with integrated controller; included items: controller; material: plastic; mood/theme: clean, minimalist.",ADDS,"color: black/silver, shape/form factor: rectangular console with front buttons, included items: controller, power cable, HDMI cable, art style: sleek tech design, target audience cues: gamers, mood/theme: modern gaming, condition: new.",0.087
23,Video_Games,Fullmetal Alchemist 2: Curse of the Crimson Elixir - PlayStation 2,fullmetal alchemist 2 curse of the crimson elixir,OCR,"This is the cover art for the PlayStation 2 game ""Fullmetal Alchemist 2: Curse of the Crimson Elixir,"" featuring the protagonist Edward Elric with his automail arm and the armored state alchemist Roy Mustang in the background.","art style: anime; characters or scene shown: blonde-haired protagonist with armored shoulder, armored figure in background; mood/theme: intense, dramatic; target audience cues: Teen rating.",ADDS,"color: vibrant reds and golds, material: plastic case, shape/form factor: standard PS2 game case, art style: anime, characters or scene shown: Alphonse and Edward Elric, mood/theme: epic, target audience cues: anime fans, condition: new.",0.038
24,Video_Games,Nintendo 2DS-White/Pink with Bonus Disney Magical World Carrying Case (Used),a nintendo 3ds with a mickey mouse case next to it,REDUNDANT,"This image displays a pink Nintendo 3DS handheld gaming console with its ""Nintendo 3DS Sound"" screen on, alongside a matching pink Disney Mickey Mouse ""Magical World"" themed carrying case.","color: pink and white. shape/form factor: handheld console with screen and buttons. included items: carrying case. art style: cartoonish. characters or scene shown: Mickey Mouse. mood/theme: playful, child-friendly. target audience cues: children. condition: used.",REDUNDANT,"color: white and pink; shape/form factor: handheld gaming console; included items: Disney Magical World carrying case; condition: used; mood/theme: playful, magical; target audience cues: children/young teens.",0.409
25,Video_Games,WWF Smackdown!,The cover of the game WWE SmackDown!,OCR,"This is the cover art for the PlayStation game ""WWE SmackDown!"" featuring prominent wrestlers like The Rock, with a futuristic, grid-lined design and the THQ logo.","color: blue-toned; art style: digital collage with grid overlay; characters or scene shown: wrestlers in dynamic poses; mood/theme: intense, action-oriented; target audience cues: teen-rated.",ADDS,"color: vibrant, material: plastic, shape/form factor: action figure, characters or scene shown: WWE wrestlers, mood/theme: energetic, target audience cues: teens, condition: new",0.095
26,Video_Games,Chu Chu Rocket,A game boy advance and a game boy memory card on a table.,GENERIC,"A Game Boy Advance game cartridge for ""ChuChu Pocket!"" by Sega, shown with its green circuit board exposed and a small screw nearby on a wooden surface.","color: green circuit board, black casing, wooden surface
shape/form factor: cartridge-style
included items: screw
condition: open, partially disassembled",ADDS,color: vibrant; shape/form factor: toy rocket; art style: cartoonish; characters or scene shown: Chu Chu; mood/theme: playful; target audience cues: children.,0.0
27,Video_Games,Shadowbane - PC/Mac,shadowbate the next great online rpg,OCR,"This is the box art for the video game ""Shadowbane,"" featuring a muscular, horned creature holding a sword against a dark, blue-toned background, with the game's title prominently displayed.","color: blue-toned; art style: fantasy illustration; characters or scene shown: muscular horned creature holding sword; mood/theme: dark, epic; target audience cues: teen rating.",ADDS,"color: dark, metallic; shape/form factor: game case; art style: fantasy, dark; mood/theme: epic, battle; target audience cues: gamers, fantasy enthusiasts.",0.158
28,Video_Games,Rayman 3: Hoodlum Havoc,rayman 3 hoodlum havoc,OCR,"This is the cover art for the PlayStation 2 game ""Rayman 3: Hoodlum Havoc,"" featuring the main character Rayman in a dynamic pose against a vibrant, chaotic underwater backdrop with the game's title prominently displayed.","art style: cartoonish, vibrant; characters shown: orange-haired protagonist, red-gloved hand, floating objects; mood/theme: adventurous, chaotic; target audience cues: E rating, playful design.",ADDS,"art style: 2D platformer; characters: Rayman, Hoodlums; mood/theme: chaotic, colorful; target audience cues: kids, casual gamers; color: vibrant, cartoonish hues.",0.12
29,Video_Games,Microsoft CWT-00001 Xbox Controller + Wireless Adapter for Windows,A black Xbox controller next to a USB flash drive.,REDUNDANT,A black Xbox Wireless Controller and a black Xbox Wireless Adapter are displayed against a white background.,"color: black
shape/form factor: ergonomic controller with circular analog sticks and directional pad
included items: wireless adapter
material: plastic with matte finish",ADDS,"color: black and blue, material: plastic and rubber, shape/form factor: ergonomic controller with analog sticks and buttons, included items: controller and wireless adapter, target audience cues: gamers.",0.471
30,Video_Games,Mega Man Legends - PlayStation,A video game case sitting on top of a table.,GENERIC,"This image shows the physical PlayStation game case for ""Mega Man Legends"" by Capcom, featuring the game's cover art with the protagonist and a large, stylized title.","color: vibrant yellow, red, blue; material: plastic case; shape/form factor: standard CD case; art style: cartoonish; characters or scene shown: Mega Man and a young boy; mood/theme: energetic, adventurous.",ADDS,"color: vibrant, material: plastic, shape/form factor: handheld console, art style: retro pixel, characters: Mega Man, mood/theme: action-adventure, target audience cues: kids/teens.",0.174
31,Video_Games,Ologymart Two 2 Controllers Bundle Compatible with Super Nintendo SNES Bulk Packaging Pack Of 2,a pair of nintendo classic mini controllers,REDUNDANT,"The image displays two identical silver Super Nintendo Entertainment System (SNES) controllers, each with a black cable and a black connector, featuring a D-pad, two purple buttons, and two shoulder buttons.","color: silver with purple buttons; shape/form factor: handheld controllers with directional pad and action buttons; included items: two controllers with black cables; condition: new, unused.",ADDS,"color: black/gray, material: plastic, shape/form factor: handheld controllers, included items: 2 controllers, mood/theme: retro gaming, target audience cues: SNES enthusiasts.",0.15
32,Video_Games,Metal Gear Solid,metal gear solid playstation,OCR,"This is the cover art for the PlayStation game ""Metal Gear Solid,"" featuring its iconic title logo, the ""Tactical Espionage Action"" tagline, and logos for PlayStation, Konami, and the ESRB Mature rating.",color: white and black; shape/form factor: standard PlayStation game case; mood/theme: tactical espionage; target audience cues: mature rating; art style: minimalist text-based design.,ADDS,"color: dark, metallic; material: metal, plastic; shape/form factor: handheld console or game case; art style: gritty, tactical; mood/theme: stealth, espionage; target audience cues: adult gamers.",0.167
33,Video_Games,Animal Crossing: City Folk (Nintendo Selects),animal crossing city folk nintendo selects,OCR,"This is the cover art for the Nintendo Wii game ""Animal Crossing: City Folk,"" part of the Nintendo Selects line, featuring two main characters in a vibrant, colorful town setting.","art style: cartoonish, vibrant; characters or scene shown: two children, townsfolk, school bus, trees, houses; mood/theme: cheerful, community-oriented; target audience cues: family-friendly, E rating.",ADDS,"color: vibrant, material: plastic, shape/form factor: handheld game cartridge, art style: cartoonish, characters or scene shown: townfolk, mood/theme: cozy, target audience cues: kids/teens, condition: new (Nintendo Selects)",0.074
34,Video_Games,Shadow Hearts - PlayStation 2,shadow hearts playstation 2,OCR,"This is the cover art for the PlayStation 2 game ""Shadow Hearts,"" depicting a central character holding two others in a dark, gothic setting with a large, ghostly face and a castle in the background.","mood/theme: dark, gothic, mysterious. art style: stylized, fantasy. characters or scene shown: central figure holding two others, ghostly face, castle silhouette. target audience cues: mature content rating.",ADDS,"color: dark, metallic; shape/form factor: standard PS2 game case; art style: anime-inspired; mood/theme: gothic, romantic, action; target audience cues: RPG fans, PS2 era gamers.",0.067
35,Video_Games,Deadly Premonition - Xbox 360,deadly premonition xbox 360,OCR,"This is the cover art for the Xbox 360 game ""Deadly Premonition,"" featuring a grotesque, screaming face with cracked, earthy textures and a shadowy figure in the background, indicating a horror-themed game.","mood/theme: horror, suspenseful
art style: gritty, cracked texture, dark tones
characters or scene shown: screaming face, shadowy figure with axe
target audience cues: M rating, mature content warning",ADDS,"art style: dark, surreal, gothic; mood/theme: eerie, mysterious, detective noir; target audience cues: horror, mystery fans; shape/form factor: standard Xbox 360 game case.",0.067
36,Video_Games,Tom Clancy's Rainbow Six,tom clancy's rainbow six n64,ADDS,"This is the cover art for the Nintendo 64 game ""Tom Clancy's Rainbow Six,"" featuring a soldier in green tactical gear aiming a gun, with the tagline ""Explosive Action Real-Life Strategy"" and a red crosshair logo.","mood/theme: intense, tactical; art style: gritty, realistic; characters or scene shown: soldier aiming gun in dim, architectural setting; target audience cues: teen; condition: new.",ADDS,"color: vibrant, material: plastic/steel, shape/form factor: handheld console, art style: realistic military, characters or scene shown: soldiers in tactical gear, mood/theme: intense, target audience cues: gamers, condition: new",0.19
37,Video_Games,E.T. the Extra-Terrestrial,A video game cartridge with a picture of a man and a dog.,ADDS,"This image displays the original Atari 2600 game box and cartridge for ""E.T. The Extra-Terrestrial,"" featuring artwork of the alien and child against a space backdrop.","color: red, blue, gray; material: cardboard, plastic; shape/form factor: rectangular cartridge; included items: manual; art style: illustrated; characters or scene shown: alien and child; mood/theme: sci-fi adventure; target audience cues: children; condition: used.",ADDS,"color: vibrant, material: plastic, shape/form factor: VHS tape, art style: 1980s sci-fi, characters or scene shown: E.T. and human child, mood/theme: heartwarming, target audience cues: children/parents.",0.2
38,Video_Games,Dungeons & Dragons Tactics - Sony PSP,Two video games sitting next to each other on a table.,GENERIC,"This image displays the ""Dungeons & Dragons Tactics"" video game for the PlayStation Portable, including its two identical case covers and the UMD disc.","color: dark brown, green, silver; shape/form factor: rectangular cases, circular disc; included items: two cases, one disc; art style: fantasy illustration; characters or scene shown: dragons confronting; mood/theme: epic, mythical; target audience cues: teen rating.",ADDS,"color: vibrant, material: plastic, shape/form factor: handheld console, art style: fantasy illustration, mood/theme: adventurous, target audience cues: RPG enthusiasts, included items: game cartridge, manual.",0.071
39,Video_Games,The Simpsons: Bart vs. the World,The simpsons bart vs the world nintendo entertainment system.,ADDS,"This is the cover art for the Nintendo Entertainment System game ""The Simpsons: Bart vs. the World,"" featuring Bart Simpson swinging through a globe-like map of various locations like North Pole, Hollywood, Egypt, and China, with the game published by Akkaim Entertainment Inc.","art style: cartoonish, vibrant; characters or scene shown: Bart Simpson central, surrounded by global landmarks; mood/theme: adventurous, comedic; target audience cues: children, fans of animated series.",ADDS,"art style: cartoon, characters: Bart Simpson, scene shown: Bart in action, mood/theme: comedic adventure, target audience cues: children/teens, color: vibrant, shape/form factor: book or game case.",0.238
40,Video_Games,Conflict: Desert Storm 2 Back to Baghdad - Xbox,conflict desert storm ii back to baghdad,OCR,"This is the cover art for the Xbox game ""Conflict: Desert Storm II - Back to Baghdad,"" featuring a soldier in camouflage with a desert battlefield and aircraft in the background, and it's rated Teen by the ESRB.","color: green case, desert orange backdrop. shape/form factor: standard Xbox game case. art style: realistic military scene. mood/theme: intense combat. target audience cues: Teen rating. condition: clean, unopened.",ADDS,"color: military tones, shape/form factor: console, art style: realistic military, characters or scene shown: desert warfare, mood/theme: intense combat, target audience cues: strategy gamers.",0.238
41,Video_Games,Divinity: Original Sin - Multiple (Windows and Mac): select platform(s) Standard Edition,divinity original sin pc,OCR,"This is the cover art for the PC/Mac DVD-ROM version of the RPG ""Divinity: Original Sin"" by Larian Studios, featuring two main characters in ornate armor against a stormy backdrop, with promotional text highlighting included DLCs and critical acclaim.","art style: fantasy illustration; characters shown: two armored figures; mood/theme: epic, adventurous; target audience cues: mature 17+; included items: two companions, source hunter pack.",ADDS,"color: dark, material: matte plastic, shape/form factor: box, included items: game disc(s), art style: fantasy, mood/theme: epic, target audience cues: RPG enthusiasts.",0.091
42,Video_Games,Max Payne 3,A video game case with a video game on it.,GENERIC,"This image shows the open plastic case of the PlayStation 3 game ""Max Payne 3,"" displaying both the cover art and the game disc inside.","color: warm tones, yellow-orange hues. material: plastic case and disc. shape/form factor: standard PS3 game case. included items: disc, case. art style: gritty, action-oriented. mood/theme: intense, gritty urban action. condition: clean, unopened.",ADDS,"color: dark tones, material: digital, shape/form factor: video game, art style: gritty realism, mood/theme: noir, target audience cues: action-adventure gamers, characters or scene shown: urban crime, condition: new release.",0.179
43,Video_Games,Paper Mario: The Thousand-Year Door,paper mario the thousand year door,OCR,"This is the cover art for the Nintendo GameCube game ""Paper Mario: The Thousand-Year Door,"" featuring Mario and his paper-based friends in a colorful, cartoonish style.","art style: cartoonish, vibrant; characters shown: Mario and companions in dynamic pose; mood/theme: adventurous, playful; target audience cues: family-friendly, E rating; shape/form factor: game cartridge for Nintendo GameCube.",ADDS,"art style: 2D cartoonish; characters: Mario, Paper Mario, enemies; mood/theme: adventurous, whimsical; target audience cues: children/teens; shape/form factor: handheld game cartridge.",0.217
44,Video_Games,Twisted Lands: Insomniac - Collector's Edition Bonus Pack,Twisted Lands: Insomniac Collector's Edition,OCR,"This is the cover art for the PC DVD Collector's Edition of ""Twisted Lands: Insomniac,"" a mystery game featuring a woman in the foreground, a haunted mansion in the background, and bonus content including ""Twisted Lands: Shadow Town,"" ""Kitchen Confidential,"" and ""Soul Journey.""","mood/theme: eerie, suspenseful; art style: 3D rendered, cinematic; characters or scene shown: woman in foreground, haunted mansion with lightning; target audience cues: teen rating; shape/form factor: DVD case.",ADDS,"color: dark fantasy tones; material: matte plastic/foil; shape/form factor: box with embossed art; included items: figurines, art cards; art style: stylized, atmospheric; mood/theme: eerie, adventurous; target audience cues: RPG fans, collectors.",0.033
45,Video_Games,SVC Chaos - SNK vs Capcom,the king of fighters xiii,SUSPECT,"This is the cover art for the Xbox game ""SVC Chaos"" (SNK vs. Capcom), depicting two characters in a dramatic, close-quarters fight with fiery orange and yellow lighting.","art style: anime-inspired; characters or scene shown: two fighters in dynamic combat pose; mood/theme: intense, action-packed; target audience cues: youth, gaming enthusiasts.",ADDS,"color: vibrant, material: plastic, shape/form factor: handheld console, art style: anime, characters: SNK & Capcom fighters, mood/theme: chaotic battle, target audience cues: gamers, condition: new.",0.087
46,Video_Games,O-Games 209635 Jewel Time Deluxe -Nintendo DS,more ways to play jewel time deluxe,OCR,"This is the cover art for the Nintendo DS game ""Jewel Time Deluxe,"" featuring a vibrant, sparkling design with large diamonds and a game grid, and the tagline ""More Ways to Play.""","color: vibrant blues, purples, and sparkles.  
art style: glossy, sparkling gem-themed illustration.  
mood/theme: energetic, playful, game-focused.  
target audience cues: E rating, handheld gaming.",ADDS,"color: vibrant jewel tones; shape/form factor: handheld DS game case; included items: game cartridge, manual; art style: colorful, cartoonish; mood/theme: playful, puzzle-based; target audience cues: kids/teens.",0.138
47,Video_Games,Pitfall: The Lost Expedition - PlayStation 2,pitfall the lost expedition,OCR,"This image displays the PlayStation 2 game ""Pitfall: The Lost Expedition"" with its box art, case, and disc, all bearing a ""2nd Centz"" sticker.","color: warm orange and brown tones. shape/form factor: rectangular box and circular disc. included items: box, disc, manual. art style: adventurous, jungle-themed illustration. mood/theme: exploratory, action-packed.",ADDS,"color: earthy tones, dark greens and browns; art style: 3D adventure, pixelated textures; mood/theme: mysterious, perilous expedition; target audience: teens/adults; shape/form factor: standard PS2 game case.",0.03
48,Video_Games,Castlevania: Legacy of Darkness,castlevania legacy of darkness,OCR,"This is the cover art for the Nintendo 64 game ""Castlevania: Legacy of Darkness,"" featuring a menacing vampire lord, a pale, armored warrior, and a full moon over a gothic castle, with the ""Only for Nintendo 64"" branding and ESRB rating prominently displayed.","mood/theme: eerie, gothic, dark fantasy. art style: stylized, illustrative, 3D-rendered. characters or scene shown: humanoid figure, skeletal remains, moonlit castle backdrop. target audience cues: T-rated, Nintendo 64.",ADDS,"color: dark tones, red accents; art style: gothic fantasy; characters: vampire, knight; mood/theme: dark, horror, action; target audience: fans of action-adventure games.",0.103
49,Video_Games,I Spy Universe - Nintendo DS,The cover of the game I Spy Universe.,OCR,"This is the cover art for the Nintendo DS game ""I Spy Universe,"" featuring a rocket ship blasting through a cosmic scene filled with colorful, swirling objects and stars, published by Scholastic.","art style: cosmic, vibrant, surreal; scene shown: rocket soaring through galaxy with floating objects; mood/theme: adventurous, playful; target audience cues: children, educational.",ADDS,"color: vibrant, material: plastic, shape/form factor: handheld console, included items: game cartridge, art style: cartoonish, characters or scene shown: hidden object, mood/theme: playful, target audience cues: children, condition: new.",0.136
50,Video_Games,Rollercoaster Tycoon 3 - PC,roller coaster tycoon 3,OCR,"This is the cover art for the PC game RollerCoaster Tycoon 3, featuring a cartoon man screaming in excitement as he rides a roller coaster, with the tagline ""Now Ride the Rides!"" and logos for Atari and PC.","color: vibrant, multicolored; shape/form factor: CD-ROM case; art style: cartoonish, dynamic; characters or scene shown: excited person, roller coaster; mood/theme: thrilling, playful; target audience cues: family-friendly, gaming.",ADDS,"color: vibrant, material: digital interface, shape/form factor: PC software, art style: 3D simulation, mood/theme: amusement park, target audience cues: family/entertainment, condition: new.",0.077
51,Arts_Crafts_and_Sewing,Spectrum Noir 96-pen SET Brights Lights Pastels Darks Next Generation Alcohol Ink Markers Pens Refillable,spectrum noir permanent markers - set of 4,SUSPECT,"This image displays four packages of Spectrum Noir professional alcohol markers, each containing 24 colors and featuring a different color palette.",MISMATCH,SUSPECT,"color: brights, lights, pastels, darks; shape/form factor: pens; included items: 96 pens; mood/theme: artistic, creative; target audience cues: artists, crafters.",0.0
52,Arts_Crafts_and_Sewing,"DMC U1541 Embroidery Tracing Paper, Yellow/Blue, 2-Pack",dmc embroidery tracing paper,OCR,"This image shows a package of DMC Embroidery Tracing Paper, containing two wax-free sheets (one yellow, one blue) for easily transferring designs onto fabric for embroidery.",color: yellow and blue; material: wax-free; shape/form factor: sheets; included items: two sheets; mood/theme: crafting; target audience cues: embroidery enthusiasts.,OCR,color: yellow and blue; material: paper; shape/form factor: rectangular sheets; included items: 2 packs; mood/theme: craft/embroidery; target audience cues: hobbyists/artists.,0.25
53,Arts_Crafts_and_Sewing,Turquoise Gem Round Beads 4mm / 16 Inch Strand,a strand of turquoise glass beads on a white background,REDUNDANT,"The image displays a pile of smooth, round, teal-colored beads against a plain white background.","color: teal; shape/form factor: round; included items: multiple strands; condition: new, polished, uniform.",REDUNDANT,"color: turquoise, material: gemstone, shape/form factor: round beads, included items: 16-inch strand, mood/theme: elegant, target audience cues: jewelry makers, condition: new",0.125
54,Arts_Crafts_and_Sewing,"The Crafters Workshop TCW-252 Template, 12 by 12-Inch, Aspen Trees",a black and white image of birch trees,REDUNDANT,"This is a stark black-and-white illustration of a birch forest, featuring tall, slender trees with distinctive white bark and intricate, leafless branches against a dark background.","art style: abstract, high-contrast black and white; mood/theme: serene forest; characters or scene shown: stylized birch trees with intricate bark patterns; shape/form factor: vertical strips.",ADDS,"color: green/brown; material: paper; shape/form factor: square; art style: realistic; characters or scene shown: aspen trees; mood/theme: natural, serene; target audience cues: crafters, DIY enthusiasts.",0.08
55,Arts_Crafts_and_Sewing,"Jaybird Night Sky Quilt, Multi Colored",a colorful quilt on a wooden fence,REDUNDANT,"This image displays a vibrant, colorful quilt featuring a repeating pattern of star-shaped blocks in various hues like red, orange, purple, blue, and green, set against a dark background.","color: vibrant multicolored stars on dark background. shape/form factor: quilt with star-shaped patches. art style: geometric, quilted. mood/theme: bold, playful, celestial.",ADDS,"color: multi-colored; shape/form factor: quilt; art style: celestial; mood/theme: night sky; target audience cues: adults, cozy enthusiasts.",0.095
56,Arts_Crafts_and_Sewing,ArtResin - Epoxy Resin - Clear - Non-Toxic - 1 gal (0.5 gal Resin + 0.5 gal Hardener) (3.78L),A gallon of art resin next to a gallon of hardener.,REDUNDANT,"The image displays two 0.5-gallon bottles of ArtResin, one labeled ""Resin"" and the other ""Hardener,"" both marked as non-VOC/non-BCA and suitable for crafting.","color: translucent white; shape/form factor: gallon jugs with handles; included items: two jugs; art style: colorful heart graphic; mood/theme: creative, craft-oriented.",ADDS,"color: clear; material: epoxy resin; shape/form factor: gallon container; included items: 0.5 gal resin + 0.5 gal hardener; mood/theme: craft/artistic; target audience cues: DIY artists, hobbyists.",0.083
57,Arts_Crafts_and_Sewing,"American Crafts 340272 Sticky Thumb Foam DT ASST, White Dots, Assorted Sizes",sticky thumb adhesive foam dots,OCR,"This is a package of 275 adhesive foam dots from the brand Sticky Thumb, featuring a heart-shaped label indicating they are dimensional, with multilingual text including English, French, and Spanish.","color: white dots on light blue background; material: foam; shape/form factor: circular dots arranged in grid; included items: 275 dots; art style: minimalist; mood/theme: crafty, adhesive.",OCR,"color: white dots; material: foam; shape/form factor: sticky thumb; included items: assorted sizes; mood/theme: crafty, playful; target audience cues: crafters, kids.",0.2
58,Arts_Crafts_and_Sewing,"Sizzix, Multi Color, Embossing Folder , Snowfall Speckles by Tim Holtz, One Size",sizzix texture fades embossing folder,OCR,"This is a Sizzix Texture Fades A2 embossing folder, model 661008, designed by Jim Holtz for the Alterations line, featuring a speckled gradient pattern.","color: light blue with black speckles; shape/form factor: rectangular folder; art style: textured, speckled; mood/theme: frosty, delicate; target audience cues: crafters, scrapbookers.",ADDS,"color: multi-color; shape/form factor: embossing folder; art style: textured speckles; mood/theme: winter, festive; target audience cues: crafters, scrapbookers.",0.312
59,Arts_Crafts_and_Sewing,Aurifil Thread Set Classic Collection 50wt Cotton 12 Large (1422 yard) Spools,aurifil cotton thread set,OCR,"This image displays a clear plastic storage case containing 12 spools of Aurifil Classic Collection 100% cotton thread in various vibrant colors, with the brand's packaging label visible on top.","color: multicolored spools; material: cotton; shape/form factor: spools in clear plastic case; included items: 12 spools; art style: ballet shoes; mood/theme: crafty, organized; target audience cues: sewers, crafters.",ADDS,"color: multi-colored; material: cotton; shape/form factor: spools; included items: 12 large spools; mood/theme: classic, crafting; target audience cues: sewers, crafters.",0.278
60,Arts_Crafts_and_Sewing,Mandala Dotting Tools for Painting Rocks Mandala Painting Dotting Stencil Dot Mandala Kit 33PCS,a bunch of different colored pens sitting next to each other,GENERIC,"This image displays a comprehensive set of crafting tools, including various stencils, green-tipped dotting tools, colorful textured rods, and a collection of fine-tipped applicators and ball tools for detailed art and DIY projects.","color: green, pink, orange, blue, purple, silver.  
material: plastic, metal.  
shape/form factor: cylindrical, spherical, flat stencils.  
included items: brushes, tools, stencils, palette.  
art style: mandala, geometric.",ADDS,"color: multi-colored; material: plastic; shape/form factor: small dotting tools; included items: 33 pcs; art style: mandala; mood/theme: creative, relaxing; target audience cues: hobbyists, artists.",0.111
61,Electronics,Fotodiox Pro Lens Mount Adapter Compatible with Pentax 6x7 Lenses to Pentax K-Mount Cameras,a close up of a camera lens adapter on a white background,REDUNDANT,"This is a Fotodiox Pro PT67-PK lens adapter, a black and silver device designed to mount lenses onto cameras with a specific mount type.","color: black and silver; material: metal and plastic; shape/form factor: cylindrical adapter with threaded ends; condition: new, clean, studio-lit.",ADDS,"color: metallic silver; material: aluminum; shape/form factor: cylindrical adapter; included items: none; target audience cues: photographers; mood/theme: professional, technical.",0.176
62,Electronics,Monoprice VGA to RCA Adapter PC to TV Video Converter- Blue,vga to vga video converter,SUSPECT,"This image shows a blue video converter device labeled ""VIDEO CONVERTER VGA TO VIDEO +"", featuring various input and output ports including VGA, RCA, and a 3.5mm audio jack.","color: blue
shape/form factor: compact rectangular device
material: plastic casing
mood/theme: functional electronic gadget
target audience cues: general consumers needing video conversion",REDUNDANT,"color: blue, shape/form factor: adapter with VGA and RCA connectors, material: plastic, target audience cues: tech users, mood/theme: functional utility",0.143
63,Electronics,Audio-Technica ATH-M40x Renewed,A pair of headphones sitting on top of each other.,REDUNDANT,"This is a sleek, black over-ear headphone with padded earcups and a headband featuring the Audio-Technica logo, designed for comfort and audio performance.","color: black  
material: leather-like padding, plastic frame  
shape/form factor: over-ear, foldable  
condition: renewed (implied by context)",ADDS,"color: black/silver; shape/form factor: over-ear headphones; condition: renewed (used but refurbished); target audience cues: audiophiles, casual listeners.",0.2
64,Electronics,"MasiBloom Silicone Case for AirTag 2021 Holder Accessories with Keychain Ring Protective Skin Cover (Turquoise Blue, for AirTag)",a green keychain with a metal ring on it,REDUNDANT,"This image displays a mint green silicone keychain ring with a circular cutout, shown from two angles against a white background.","color: turquoise blue
material: silicone
shape/form factor: circular with keychain ring
included items: keychain ring, silicone holder
mood/theme: minimalist, functional",REDUNDANT,"color: turquoise blue; material: silicone; shape/form factor: slim case with keychain ring; included items: keychain ring; mood/theme: protective, stylish; target audience cues: tech users, travelers.",0.312
65,Electronics,Importer520 New Gold Plated Hdmi Female to Dvi-d Male Video Adaptor,A pair of white earphones with a charging cable.,SUSPECT,"This image displays a pair of white wired earphones with a Lightning connector, featuring an in-line remote control with volume and play/pause buttons, and one earbud marked with ""R"" for the right ear.",MISMATCH,MISMATCH_OK,"color: gold-plated; material: metal; shape/form factor: rectangular adapter with HDMI female and DVI-D male connectors; target audience cues: tech enthusiasts, gamers, video professionals.",0.0
66,Electronics,"Planar Helium PCT2235 Touch Screen 22"" LED LCD Full HD Resolution Monitor with Helium Stand,black",A smart watch is displayed on a large screen.,GENERIC,"This image displays a sleek, modern digital storefront for ""Urban Gentleman,"" showcasing a featured smartwatch product with a hexagonal design, alongside navigation menus for categories like belts, footwear, and watches, all presented on a Planar monitor.","color: black; shape/form factor: flat screen; art style: modern retail UI; characters or scene shown: blurred male figure; mood/theme: sophisticated urban; target audience cues: gentlemen, fashion-conscious.",GENERIC,"color: black, shape/form factor: monitor, included items: stand, material: plastic/steel, mood/theme: modern, target audience cues: tech users, condition: new",0.095
67,Electronics,"Samsung UE510 LED Display Monitor, Black, 28"" 4K (Renewed)",A picture of a city skyline at night on a computer monitor.,GENERIC,"A sleek Samsung monitor displays a vibrant, high-resolution aerial view of a bustling city at night, featuring illuminated skyscrapers and a river, with the iconic Shanghai Tower prominently visible.","color: black frame, silver stand; shape/form factor: monitor with stand; art style: aerial cityscape at night; mood/theme: vibrant, modern urban; condition: renewed (implied by title).",ADDS,"color: black, shape/form factor: monitor, condition: renewed, material: plastic/glass, target audience cues: tech enthusiasts, mood/theme: modern, included items: power cable, user manual.",0.182
68,Electronics,Transcend USB 3.1/3.0 Super Speed Type-C Multi-Card Reader for SDHC/SDXC/MS/CF (TS-RDC8K),A black USB 3.1/3.0 card reader with two USB ports.,OCR,"This is a black Transcend USB 3.1/3.0 card reader with multiple slots for microSD, SDHC/SDXC, and CF memory cards.","color: black
shape/form factor: rectangular, compact
material: plastic
mood/theme: functional, tech-oriented",ADDS,"color: black; shape/form factor: compact rectangular; material: plastic; included items: USB-C cable; target audience cues: tech enthusiasts, photographers.",0.417
69,Electronics,"Lenovo Speaker M0520, Black ( 888010120 )",a pair of black speakers sitting on top of each other,REDUNDANT,"The image displays a pair of black, glossy, spherical Lenovo computer speakers with a circular driver and a base featuring the brand logo.","color: black  
shape/form factor: spherical with circular speaker opening  
included items: two units  
material: glossy plastic  
mood/theme: modern, minimalist",ADDS,"color: black, shape/form factor: speaker, material: plastic, target audience cues: general consumers, condition: new",0.214
70,Electronics,"LG 43UN700T-B 43"" 4K UHD 3840x2160 IPS USB-C HDR 10 Monitor",A computer monitor with a monitor screen showing a video editing software.,GENERIC,"This image displays an LG UHD 4K monitor showcasing its multi-tasking capabilities by simultaneously displaying a website, a photo editing application, and a spreadsheet with charts.","color: black frame, vibrant display content; shape/form factor: widescreen monitor with stand; art style: scenic landscapes, data charts; mood/theme: professional, immersive viewing.",GENERIC,"color: black; shape/form factor: monitor; material: plastic/glass; included items: stand, power cable; mood/theme: modern, tech-focused; target audience cues: gamers, professionals.",0.125
71,Home_and_Kitchen,"FoodWorks Silicone Ice Pop Maker Molds/Popsicle Molds, Set of 6",a group of colorful ice cream cones on a white background,GENERIC,"A set of six colorful, silicone ice pop molds in rainbow hues are arranged diagonally on a white background.","color: blue, orange, purple, green, yellow, red; material: silicone; shape/form factor: cylindrical with rounded ends; included items: six molds; art style: clean, studio-lit product shot.",ADDS,"color: clear or translucent; material: silicone; shape/form factor: cylindrical molds with handles; included items: 6 molds; mood/theme: kitchen/crafting; target audience cues: home cooks, kids.",0.12
72,Home_and_Kitchen,Tattler Reusable Wide Mouth Canning Lids & Rubber Rings-12/pkg,a white plate with a red gasket on it,GENERIC,"The image displays a white, circular plastic disc and a reddish-brown rubber O-ring, likely components for a mechanical or plumbing application.","color: white and reddish-brown; shape/form factor: circular lid and ring; included items: one lid, one ring; condition: new, unused.",ADDS,color: metallic silver and black; material: metal and rubber; shape/form factor: circular lids with rubber rings; included items: 12 lids and rings; condition: new.,0.118
73,Home_and_Kitchen,Glass Soap Pump Dispenser Floral and Butterfly 17 Ounce by A Ting,a soap dispenser with flowers on it,REDUNDANT,"A clear glass soap dispenser with a silver pump top, filled with pressed pink and yellow roses and a green butterfly, creating a delicate floral design.","color: pastel pink, yellow, green; material: glass, metal pump; shape/form factor: rounded bottle; art style: botanical illustration; characters or scene shown: roses, butterfly; mood/theme: delicate, nature-inspired.",ADDS,"color: floral and butterfly patterns, material: glass, shape/form factor: pump dispenser, mood/theme: elegant, target audience cues: home decor enthusiasts, condition: new",0.125
74,Home_and_Kitchen,Extreme Freeze Reditainer 64 oz. Freezeable Deli Food Containers w/ Lids - Package of 8 - Food Storage,A white plastic container with a lid on a white background.,REDUNDANT,"A simple, white, opaque plastic storage container with a matching lid, photographed against a plain background.","color: white
material: plastic
shape/form factor: cylindrical with lid
included items: one container (implied by singular image)
condition: new, unused",REDUNDANT,"color: clear plastic with white lids; material: plastic; shape/form factor: rectangular with snap-on lids; included items: 8 containers; mood/theme: practical, food storage; target audience cues: home cooks, meal preppers.",0.087
75,Home_and_Kitchen,"Totally Bamboo Barkeeper's Salt Box, Margarita Salt Rimmer for Cocktail Drinks, Home Bar Accessory with Magnetic Swivel Lid",A wooden bowl filled with sea salt on top of a white background.,REDUNDANT,"A round bamboo salt cellar with its lid slightly ajar, revealing coarse, crystalline salt inside.","material: bamboo; shape/form factor: round, lidded container; included items: coarse salt; condition: clean, unused; mood/theme: minimalist, functional.",ADDS,"color: natural bamboo brown; material: bamboo; shape/form factor: rectangular box with magnetic swivel lid; mood/theme: rustic, cocktail bar; target audience cues: home bartenders, cocktail enthusiasts.",0.043
76,Home_and_Kitchen,"Hamilton Beach Air Circulator, 16-Inch, Two Tone Gray",A gray fan sitting on top of a table.,REDUNDANT,This is a gray Hamilton Beach pedestal fan with a circular grille and a sturdy base.,"color: gray; shape/form factor: circular fan with stand; material: plastic; condition: new, unused.",REDUNDANT,"color: two-tone gray, shape/form factor: air circulator, material: plastic/metal, mood/theme: functional, target audience cues: home users, condition: new",0.2
77,Home_and_Kitchen,"KUHEE Air Mattress with Built in Pump, Queen air Mattress, Easy Inflation/Deflation,Comfortable Top Surface-Blow Up Airbed,Overheating Protection,80x60x18in,600lb MAX,Grey",A woman laying on top of an air mattress.,REDUNDANT,"A woman lies comfortably on a white, inflatable KUHEE air mattress with a black side panel, set against a plain white background.","color: white and grey; shape/form factor: rectangular inflatable; characters or scene shown: person lying relaxed; mood/theme: comfortable, restful; condition: inflated and used.",ADDS,"color: grey; shape/form factor: rectangular air mattress; included items: built-in pump; material: inflatable rubber; mood/theme: comfortable, practical; target audience cues: adults, travelers, campers.",0.2
78,Home_and_Kitchen,Black Finish Wooden Cheval Bedroom Free Standing Floor Mirror,A black standing mirror on a stand with a white background.,REDUNDANT,"A sleek, black-framed standing mirror with a tripod base is positioned against a plain, light gray background.","color: black  
material: wood  
shape/form factor: cheval mirror, floor-standing, tripod base  
mood/theme: minimalist, modern  
target audience cues: bedroom, home decor",REDUNDANT,"color: black; material: wood; shape/form factor: floor mirror; mood/theme: elegant, modern; target audience cues: bedroom decor; condition: new.",0.467
79,Home_and_Kitchen,"KINGWILLOW Woven Rectangular Wicker Storage Basket,Small Organizer Box",A white wicker basket with a floral pattern on it.,ADDS,"A white woven basket with a floral-patterned fabric liner and lace trim, designed for decorative storage.","color: white with floral pattern  
material: woven wicker  
shape/form factor: rectangular  
mood/theme: rustic, vintage  
condition: new, clean",ADDS,"color: natural brown; material: wicker; shape/form factor: rectangular; mood/theme: rustic, functional; target audience cues: home organizers, craft enthusiasts.",0.176
80,Home_and_Kitchen,Red Co. Glass Salt and Pepper Shaker Set in 5” Metal Carrying Toolbox Caddy with Wooden Handle,a metal container with two salt and pepper shakers in it,REDUNDANT,"A rustic, galvanized metal carrying caddy with a wooden handle holds two clear glass salt and pepper shakers with silver tops.","color: metallic gray, clear glass, wooden handle
material: metal, glass, wood
shape/form factor: rectangular caddy with handle
included items: two shakers
mood/theme: rustic, utilitarian
condition: distressed, vintage-style",ADDS,"color: red, black, wood; material: glass, metal, wood; shape/form factor: set of shakers in toolbox caddy; included items: salt & pepper shakers, toolbox caddy; mood/theme: rustic, functional, kitchenware.",0.25
81,Movies_and_TV,Motherless Brooklyn (Blu-ray + Digital),motherless brooklyn on blu - ray,OCR,"This is the Blu-ray cover for the movie ""Motherless Brooklyn,"" featuring a central figure walking across a bridge with portraits of the main cast—Edward Norton, Bruce Willis, Gugu Mbatha-Raw, Alec Baldwin, and Willem Dafoe—above them.","color: blue, black, gray, white; art style: cinematic, noir-inspired; characters or scene shown: man walking on bridge, four portraits above; mood/theme: mysterious, dramatic.",ADDS,"color: black & white; shape/form factor: Blu-ray case + digital download; included items: disc, digital code; mood/theme: noir, melancholic; target audience cues: adult film lovers, literary fans.",0.107
82,Movies_and_TV,Oliver!,A picture of a movie poster for Oliver.,OCR,"This is the DVD cover for the 1968 musical film ""Oliver!"", based on Charles Dickens' novel, which won six Academy Awards including Best Picture and Best Director.",MISMATCH,SUSPECT,"color: vibrant, material: fabric or cardboard, shape/form factor: book or poster, art style: theatrical, characters or scene shown: Oliver and characters from musical, mood/theme: joyful, target audience cues: children/young adults.",0.0
83,Movies_and_TV,Patton / The Longest Day / The Sand Pebbles / Tora! Tora! Tora! [Blu-ray],the longest day / tora tora / the sand pebbles,OCR,"This is the Blu-ray cover for a 4-movie collection featuring classic war films: ""Patton,"" ""The Longest Day,"" ""The Sand Pebbles,"" and ""Tora! Tora! Tora!"" with the tagline ""Own the Moments.""",MISMATCH,SUSPECT,"color: black & white or sepia-toned; shape/form factor: standard Blu-ray case; included items: 4 films on disc; art style: classic war/epic; mood/theme: historical, dramatic; target audience cues: film enthusiasts.",0.0
84,Movies_and_TV,Deepwater Horizon [DVD],deepwater horizon dvd,OCR,"This is the DVD cover for the 2016 film ""Deepwater Horizon,"" starring Mark Wahlberg, which depicts a man in profile against a backdrop of a burning oil rig, and is based on a true story.","mood/theme: intense, dramatic, action-packed.  
characters or scene shown: man in foreground, burning oil rig in background.  
art style: realistic, cinematic.  
shape/form factor: DVD case.",ADDS,"color: black/white; shape/form factor: DVD case; mood/theme: documentary; target audience cues: adults; included items: DVD disc, booklet; art style: realistic documentary imagery.",0.143
85,Movies_and_TV,"What's Up, Doc? (DVD) (Rpkg)",what's up doc? poster,OCR,"This is a vintage movie poster for the 1972 film ""What's Up, Doc?"" starring Barbara Streisand and Ryan O'Neal, produced by Peter Bogdanovich, featuring a stylized black-and-white photo of the two actors with a psychedelic border.",MISMATCH,SUSPECT,"color: black/white; shape/form factor: DVD case; art style: vintage film poster; mood/theme: comedic, retro; target audience cues: adults, film enthusiasts; included items: DVD disc, manual.",0.0
86,Movies_and_TV,The Hunt for Red October,the hunt for red october,OCR,"This is a movie poster for ""The Hunt for Red October,"" featuring Sean Connery and Alec Baldwin, depicting a submarine surfacing in turbulent waters under a stormy sky.","color: blue, black, white; art style: dramatic, cinematic; characters or scene shown: two men, submarine in ocean; mood/theme: suspenseful, naval thriller; target audience cues: adult viewers.",ADDS,"color: dark blue/gray; shape/form factor: book; art style: military thriller; mood/theme: suspense, espionage; target audience cues: adult readers, fans of spy fiction.",0.125
87,Movies_and_TV,Batman: Assault on Arkham (DVD),batman assault on arkham,OCR,"This is the cover art for the DC Universe Original Movie ""Batman: Assault on Arkham,"" featuring Batman looming over a group of villains, including Harley Quinn, walking toward the viewer against a dramatic green and orange backdrop.","art style: comic book illustration; characters or scene shown: Batman looming over group of villains; mood/theme: intense, dramatic; target audience cues: superhero fans.",ADDS,"color: dark tones, red accents; shape/form factor: standard DVD case; art style: comic book-inspired; characters shown: Batman, Joker, Harley Quinn; mood/theme: gritty, action-packed; target audience cues: comic book fans, teens/adults.",0.143
88,Movies_and_TV,I Am Wrath Digital,i am wrath dvd,OCR,"This is the DVD cover for the 2017 action film ""I Am Wrath,"" starring John Travolta, who is depicted holding a gun with a gritty, intense expression against a smoky, rain-splashed background.",MISMATCH,SUSPECT,"color: dark tones; shape/form factor: digital interface; mood/theme: intense, digital wrath; target audience cues: gamers, tech enthusiasts; art style: minimalist, cyberpunk.",0.0
89,Movies_and_TV,Justice League (BD),justice league on blu - ray,OCR,"This is the Blu-ray cover for the movie ""Justice League,"" featuring the main superhero team standing together on rocky terrain against a dramatic sky.","color: vibrant, dynamic sky backdrop; characters in detailed costumes.  
art style: cinematic, comic-book inspired.  
scene shown: heroes standing together on rocky terrain.  
mood/theme: heroic, epic, action-packed.",ADDS,"color: vibrant, material: plastic/BD case, shape/form factor: standard Blu-ray case, included items: disc, art style: comic-book, characters: Justice League, mood/theme: heroic, target audience cues: fans, condition: new.",0.133
90,Movies_and_TV,The Intern,A man and woman looking at a laptop computer.,ADDS,"This is the DVD cover for the 2015 film ""The Intern,"" starring Robert De Niro and Anne Hathaway, with the tagline ""Experience never gets old.""","color: muted tones, white laptop, dark suit, polka-dot blouse.  
shape/form factor: DVD case with disc.  
characters or scene shown: two people smiling, seated at desk.  
mood/theme: professional, warm, collaborative.  
included items: DVD disc.",ADDS,"color: black/white; shape/form factor: film poster; art style: minimalist; mood/theme: professional, dramatic; target audience cues: adults, film enthusiasts; characters or scene shown: office setting, intern and senior employee.",0.062
91,Tools_and_Home_Improvement,"Drill America - GLBCOX67/64 7/64"" x 6"" Cobalt Aircraft Extension Drill Bit, GLBCO Series",A drill bit on a white background.,REDUNDANT,"A single, dark-colored twist drill bit is shown diagonally against a plain white background.","color: dark metallic
shape/form factor: cylindrical with spiral flutes
material: cobalt alloy
condition: new, unused",ADDS,"color: metallic blue/black, material: cobalt-tipped steel, shape/form factor: cylindrical drill bit with tapered shank, target audience cues: aviation enthusiasts, condition: new",0.211
92,Tools_and_Home_Improvement,New Stens Air Filter 055-025 for Kohler 47 083 03-S1,a air filter on a white background,REDUNDANT,"This image shows a circular air filter with a black rubber seal and a beige, mesh-like filtering material.","color: beige and black; shape/form factor: circular ring; material: mesh fabric and rubber seal; condition: new, unused.",ADDS,"color: black or gray, material: plastic or metal, shape/form factor: cylindrical filter, included items: none, condition: new",0.133
93,Tools_and_Home_Improvement,"Ansen Tools AN-269 6-Inch Soft Buffing and Polishing Wheel, 2-Piece",A pair of white and orange felt discs on a white background.,ADDS,"The image displays two off-white, circular buffing wheels with concentric stitching patterns and orange-stitched centers, set against a plain white background.","color: off-white with orange center; material: fabric-like with stitched concentric circles; shape/form factor: circular discs; included items: two identical wheels; condition: new, unused.",ADDS,"color: gray or black, material: rubber or foam, shape/form factor: circular, included items: 2 pieces, condition: new, mood/theme: industrial, target audience cues: DIY enthusiasts, craftsmen.",0.077
94,Tools_and_Home_Improvement,F Connector Installation & Removal Tool,a close up of a black connector on a white background,REDUNDANT,"This is a black plastic tool with a textured grip and a metal socket, branded ""HOLLAND ELECTRONICS LLC"".","color: black; material: plastic; shape/form factor: U-shaped with textured grip; condition: new, unused.",ADDS,"color: metallic silver; material: stainless steel; shape/form factor: tool with handle and jaws; included items: none; mood/theme: utilitarian; target audience cues: technicians, DIY users.",0.0
95,Tools_and_Home_Improvement,"Goldblatt Folding Drywall Saw, Jab Saw, Hand Saw with Soft Grip Handle, Sheetrock Saw for Wallboard, Drywall, Plywood and PVC",a red saw with a black handle on a white background,ADDS,"This is a red, foldable Goldblatt saw with a black serrated blade, featuring a silver pivot and a finger hole for easy handling.","color: red handle, black blade, silver pivot
shape/form factor: folding, compact, handheld
material: plastic handle, metal blade
condition: new, unused, clean",ADDS,"color: gold/black, material: metal/grip handle, shape/form factor: folding hand saw, target audience cues: DIY/homeowners, mood/theme: practical/tool-focused.",0.174
96,Tools_and_Home_Improvement,"35-Pack Eye Protective Safety Cover Office Pack,Includes 25 Disposable Eye Shield Lenses per Pack and 10 Frames(Multicolor),Suitable for Meeting,Communication,Anti-Dropping",a pair of safety glasses with different colors,ADDS,"The image displays a collection of colorful, flexible face shields on the left and a single, clear face shield with a blue frame on the right.","color: multicolored frames, clear lenses; shape/form factor: protective shield design; included items: frames and lenses; condition: new, unused.",REDUNDANT,color: multicolor; shape/form factor: protective eye shields; included items: 25 lenses + 10 frames; target audience cues: office/commuting; mood/theme: safety-focused; condition: disposable.,0.158
97,Tools_and_Home_Improvement,Klein Tools 69445 Magnetic Hanger Without Strap for Klein Tools Clamp Meters and Multimeters with Powerful Rare Earth Magnets,klein tools 69445 c-1/2-inch x 1/4-inch hex key,SUSPECT,"This is a black Klein Tools magnetic keychain with model number 69445, featuring a hole for attachment and safety warning symbols.","color: black
material: textured plastic
shape/form factor: rectangular with rounded edges and a hole for hanging
condition: new, unused",ADDS,"color: black, material: metal, shape/form factor: rectangular hanger, included items: magnetic base, target audience cues: professionals, mood/theme: utilitarian, condition: new",0.188
98,Tools_and_Home_Improvement,Kreg KMA4100 Crosscut Station,A table saw with a piece of wood on top of it.,REDUNDANT,"This image shows a blue and brown tile cutter with a metal guide rail and clamps, designed for precise cutting of tiles.","color: blue and brown; material: plastic, wood, metal; shape/form factor: rectangular workbench with adjustable guide; included items: clamps, guide rails, white knobs.",ADDS,"color: black and gray, material: metal and plastic, shape/form factor: compact station with adjustable guide, included items: guide, screws, manual, mood/theme: professional woodworking, target audience cues: carpenters, builders.",0.174
99,Tools_and_Home_Improvement,"5/8"" Stainless Steel Wire Brush for Power Drill Impact Driver - Hex Shank By Protool",a wire brush on a white background,REDUNDANT,"This image shows a metal wire brush with a hexagonal handle, designed for cleaning or deburring surfaces.","color: silver-gray  
material: stainless steel wire  
shape/form factor: cylindrical brush head with hex shank handle  
condition: new, unused",REDUNDANT,"color: metallic silver, material: stainless steel, shape/form factor: hex shank wire brush, target audience cues: DIY enthusiasts, condition: new",0.5
100,Tools_and_Home_Improvement,COOMYXIN Power Inverter Compatible with makita 18v Battery Turn DC 20V to AC 110V/150W Power Station,A power inverter and two batteries on a white background.,REDUNDANT,"This image displays a teal and black power inverter with a handle, accompanied by two 18V 6.0Ah lithium-ion batteries.",color: teal and black. shape/form factor: rectangular with handle. included items: two batteries. material: plastic. mood/theme: utilitarian.,ADDS,"color: black/silver, shape/form factor: compact rectangular, material: plastic/metal, target audience cues: DIY enthusiasts, mood/theme: practical, included items: power cord, user manual.",0.167
